BEGIN TRANSACTION;
CREATE TABLE "auth_group" ("id" integer NOT NULL PRIMARY KEY AUTOINCREMENT, "name" varchar(150) NOT NULL UNIQUE);
CREATE TABLE "auth_group_permissions" ("id" integer NOT NULL PRIMARY KEY AUTOINCREMENT, "group_id" integer NOT NULL REFERENCES "auth_group" ("id") DEFERRABLE INITIALLY DEFERRED, "permission_id" integer NOT NULL REFERENCES "auth_permission" ("id") DEFERRABLE INITIALLY DEFERRED);
CREATE TABLE "auth_permission" ("id" integer NOT NULL PRIMARY KEY AUTOINCREMENT, "content_type_id" integer NOT NULL REFERENCES "django_content_type" ("id") DEFERRABLE INITIALLY DEFERRED, "codename" varchar(100) NOT NULL, "name" varchar(255) NOT NULL);
INSERT INTO "auth_permission" VALUES(1,1,'add_logentry','Can add log entry');
INSERT INTO "auth_permission" VALUES(2,1,'change_logentry','Can change log entry');
INSERT INTO "auth_permission" VALUES(3,1,'delete_logentry','Can delete log entry');
INSERT INTO "auth_permission" VALUES(4,1,'view_logentry','Can view log entry');
INSERT INTO "auth_permission" VALUES(5,2,'add_permission','Can add permission');
INSERT INTO "auth_permission" VALUES(6,2,'change_permission','Can change permission');
INSERT INTO "auth_permission" VALUES(7,2,'delete_permission','Can delete permission');
INSERT INTO "auth_permission" VALUES(8,2,'view_permission','Can view permission');
INSERT INTO "auth_permission" VALUES(9,3,'add_group','Can add group');
INSERT INTO "auth_permission" VALUES(10,3,'change_group','Can change group');
INSERT INTO "auth_permission" VALUES(11,3,'delete_group','Can delete group');
INSERT INTO "auth_permission" VALUES(12,3,'view_group','Can view group');
INSERT INTO "auth_permission" VALUES(13,4,'add_user','Can add user');
INSERT INTO "auth_permission" VALUES(14,4,'change_user','Can change user');
INSERT INTO "auth_permission" VALUES(15,4,'delete_user','Can delete user');
INSERT INTO "auth_permission" VALUES(16,4,'view_user','Can view user');
INSERT INTO "auth_permission" VALUES(17,5,'add_contenttype','Can add content type');
INSERT INTO "auth_permission" VALUES(18,5,'change_contenttype','Can change content type');
INSERT INTO "auth_permission" VALUES(19,5,'delete_contenttype','Can delete content type');
INSERT INTO "auth_permission" VALUES(20,5,'view_contenttype','Can view content type');
INSERT INTO "auth_permission" VALUES(21,6,'add_session','Can add session');
INSERT INTO "auth_permission" VALUES(22,6,'change_session','Can change session');
INSERT INTO "auth_permission" VALUES(23,6,'delete_session','Can delete session');
INSERT INTO "auth_permission" VALUES(24,6,'view_session','Can view session');
INSERT INTO "auth_permission" VALUES(25,7,'add_serviziopulizia','Can add Servizio di pulizia');
INSERT INTO "auth_permission" VALUES(26,7,'change_serviziopulizia','Can change Servizio di pulizia');
INSERT INTO "auth_permission" VALUES(27,7,'delete_serviziopulizia','Can delete Servizio di pulizia');
INSERT INTO "auth_permission" VALUES(28,7,'view_serviziopulizia','Can view Servizio di pulizia');
INSERT INTO "auth_permission" VALUES(29,8,'add_cliente','Can add Cliente');
INSERT INTO "auth_permission" VALUES(30,8,'change_cliente','Can change Cliente');
INSERT INTO "auth_permission" VALUES(31,8,'delete_cliente','Can delete Cliente');
INSERT INTO "auth_permission" VALUES(32,8,'view_cliente','Can view Cliente');
INSERT INTO "auth_permission" VALUES(33,9,'add_profiloutente','Can add Profilo utente');
INSERT INTO "auth_permission" VALUES(34,9,'change_profiloutente','Can change Profilo utente');
INSERT INTO "auth_permission" VALUES(35,9,'delete_profiloutente','Can delete Profilo utente');
INSERT INTO "auth_permission" VALUES(36,9,'view_profiloutente','Can view Profilo utente');
INSERT INTO "auth_permission" VALUES(37,10,'add_prenotazione','Can add Prenotazione');
INSERT INTO "auth_permission" VALUES(38,10,'change_prenotazione','Can change Prenotazione');
INSERT INTO "auth_permission" VALUES(39,10,'delete_prenotazione','Can delete Prenotazione');
INSERT INTO "auth_permission" VALUES(40,10,'view_prenotazione','Can view Prenotazione');
INSERT INTO "auth_permission" VALUES(41,11,'add_staff','Can add Staff');
INSERT INTO "auth_permission" VALUES(42,11,'change_staff','Can change Staff');
INSERT INTO "auth_permission" VALUES(43,11,'delete_staff','Can delete Staff');
INSERT INTO "auth_permission" VALUES(44,11,'view_staff','Can view Staff');
INSERT INTO "auth_permission" VALUES(45,12,'add_esegue','Can add Esecuzione');
INSERT INTO "auth_permission" VALUES(46,12,'change_esegue','Can change Esecuzione');
INSERT INTO "auth_permission" VALUES(47,12,'delete_esegue','Can delete Esecuzione');
INSERT INTO "auth_permission" VALUES(48,12,'view_esegue','Can view Esecuzione');
CREATE TABLE "auth_user" ("id" integer NOT NULL PRIMARY KEY AUTOINCREMENT, "password" varchar(128) NOT NULL, "last_login" datetime NULL, "is_superuser" bool NOT NULL, "username" varchar(150) NOT NULL UNIQUE, "last_name" varchar(150) NOT NULL, "email" varchar(254) NOT NULL, "is_staff" bool NOT NULL, "is_active" bool NOT NULL, "date_joined" datetime NOT NULL, "first_name" varchar(150) NOT NULL);
INSERT INTO "auth_user" VALUES(1,'pbkdf2_sha256$1000000$0pHQdk9fG5cR3V5HitT8rj$Hd/ujEmfrpe9LHvhdFgFTXpoOe3rsd174PYpFvU5LHg=','2026-06-22 17:02:18.128158',1,'admin','','',1,1,'2026-06-22 17:02:07.909126','');
INSERT INTO "auth_user" VALUES(2,'pbkdf2_sha256$1000000$HVDqEk8O0mIsUOtIMnzhtm$TNLj5z/aofaMWqL+sB4GMR6rwmgtAqmd+y5zbIPIe40=','2026-06-22 17:16:53.898380',1,'admin_demo','Demo','admin@example.com',1,1,'2026-06-22 17:09:23.379280','Admin');
INSERT INTO "auth_user" VALUES(3,'pbkdf2_sha256$1000000$abj2pumncbPdvfPRxBQctH$wHgRzXPCM1RttS+e3GBwrVCJ5gUc8eSkB5l8QyB1Sts=','2026-06-22 17:16:43.016919',0,'cliente_demo','Rossi','cliente@example.com',0,1,'2026-06-22 17:09:23.711923','Mario');
INSERT INTO "auth_user" VALUES(4,'pbkdf2_sha256$1000000$pZT0iAewlIOSDZAXLrEE6T$lqusDaWz80rdxLVitvI7mbbRTfhvKrWdpFMulseznMw=',NULL,0,'azienda_demo','Bianchi','azienda@example.com',0,1,'2026-06-22 17:09:24.043086','Laura');
INSERT INTO "auth_user" VALUES(5,'pbkdf2_sha256$1000000$0Zxyi3JqN8ZyWnr4NXioUV$PAszzVN6O/xrnrQeI0CV7x5EA6gOguS4btetq2uL4/Y=','2026-06-22 17:12:50.474886',0,'titolare_demo','Marini','titolare@example.com',1,1,'2026-06-22 17:09:24.362492','Roberto');
INSERT INTO "auth_user" VALUES(6,'pbkdf2_sha256$1000000$LGNZq5J3RdbiqVEYXuuTCS$6XesRRZstjR0ZN8w/QhwyW+CgjDNsufJ+oPGkYwXacg=',NULL,0,'capo_area_demo','Fontana','capoarea@example.com',1,1,'2026-06-22 17:09:24.669778','Elena');
INSERT INTO "auth_user" VALUES(7,'pbkdf2_sha256$1000000$Mt9oR61qOHULHlvCEhdo1b$pARwN2+jGznqeKtO3nAAyHUNM11S7/k6r7gaN3jTV9M=',NULL,0,'staff_demo','Verdi','staff@example.com',1,1,'2026-06-22 17:09:24.989341','Giulia');
INSERT INTO "auth_user" VALUES(8,'pbkdf2_sha256$1000000$IwBKr7TUbNRywm3EY2xs0y$Q/fNvecBZLY5uGVGr5gxtHTczlOQDado039yn2XJ3/o=',NULL,0,'staff_demo_2','Neri','staff2@example.com',1,1,'2026-06-22 17:09:25.330441','Paolo');
CREATE TABLE "auth_user_groups" ("id" integer NOT NULL PRIMARY KEY AUTOINCREMENT, "user_id" integer NOT NULL REFERENCES "auth_user" ("id") DEFERRABLE INITIALLY DEFERRED, "group_id" integer NOT NULL REFERENCES "auth_group" ("id") DEFERRABLE INITIALLY DEFERRED);
CREATE TABLE "auth_user_user_permissions" ("id" integer NOT NULL PRIMARY KEY AUTOINCREMENT, "user_id" integer NOT NULL REFERENCES "auth_user" ("id") DEFERRABLE INITIALLY DEFERRED, "permission_id" integer NOT NULL REFERENCES "auth_permission" ("id") DEFERRABLE INITIALLY DEFERRED);
CREATE TABLE "django_admin_log" ("id" integer NOT NULL PRIMARY KEY AUTOINCREMENT, "object_id" text NULL, "object_repr" varchar(200) NOT NULL, "action_flag" smallint unsigned NOT NULL CHECK ("action_flag" >= 0), "change_message" text NOT NULL, "content_type_id" integer NULL REFERENCES "django_content_type" ("id") DEFERRABLE INITIALLY DEFERRED, "user_id" integer NOT NULL REFERENCES "auth_user" ("id") DEFERRABLE INITIALLY DEFERRED, "action_time" datetime NOT NULL);
CREATE TABLE "django_content_type" ("id" integer NOT NULL PRIMARY KEY AUTOINCREMENT, "app_label" varchar(100) NOT NULL, "model" varchar(100) NOT NULL);
INSERT INTO "django_content_type" VALUES(1,'admin','logentry');
INSERT INTO "django_content_type" VALUES(2,'auth','permission');
INSERT INTO "django_content_type" VALUES(3,'auth','group');
INSERT INTO "django_content_type" VALUES(4,'auth','user');
INSERT INTO "django_content_type" VALUES(5,'contenttypes','contenttype');
INSERT INTO "django_content_type" VALUES(6,'sessions','session');
INSERT INTO "django_content_type" VALUES(7,'gestionale','serviziopulizia');
INSERT INTO "django_content_type" VALUES(8,'gestionale','cliente');
INSERT INTO "django_content_type" VALUES(9,'gestionale','profiloutente');
INSERT INTO "django_content_type" VALUES(10,'gestionale','prenotazione');
INSERT INTO "django_content_type" VALUES(11,'gestionale','staff');
INSERT INTO "django_content_type" VALUES(12,'gestionale','esegue');
CREATE TABLE "django_migrations" ("id" integer NOT NULL PRIMARY KEY AUTOINCREMENT, "app" varchar(255) NOT NULL, "name" varchar(255) NOT NULL, "applied" datetime NOT NULL);
INSERT INTO "django_migrations" VALUES(1,'contenttypes','0001_initial','2026-06-22 16:34:44.823861');
INSERT INTO "django_migrations" VALUES(2,'auth','0001_initial','2026-06-22 16:34:44.840148');
INSERT INTO "django_migrations" VALUES(3,'admin','0001_initial','2026-06-22 16:34:44.872625');
INSERT INTO "django_migrations" VALUES(4,'admin','0002_logentry_remove_auto_add','2026-06-22 16:34:44.882467');
INSERT INTO "django_migrations" VALUES(5,'admin','0003_logentry_add_action_flag_choices','2026-06-22 16:34:44.890124');
INSERT INTO "django_migrations" VALUES(6,'contenttypes','0002_remove_content_type_name','2026-06-22 16:34:44.903542');
INSERT INTO "django_migrations" VALUES(7,'auth','0002_alter_permission_name_max_length','2026-06-22 16:34:44.907411');
INSERT INTO "django_migrations" VALUES(8,'auth','0003_alter_user_email_max_length','2026-06-22 16:34:44.921313');
INSERT INTO "django_migrations" VALUES(9,'auth','0004_alter_user_username_opts','2026-06-22 16:34:44.924088');
INSERT INTO "django_migrations" VALUES(10,'auth','0005_alter_user_last_login_null','2026-06-22 16:34:44.936411');
INSERT INTO "django_migrations" VALUES(11,'auth','0006_require_contenttypes_0002','2026-06-22 16:34:44.940314');
INSERT INTO "django_migrations" VALUES(12,'auth','0007_alter_validators_add_error_messages','2026-06-22 16:34:44.944824');
INSERT INTO "django_migrations" VALUES(13,'auth','0008_alter_user_username_max_length','2026-06-22 16:34:44.955646');
INSERT INTO "django_migrations" VALUES(14,'auth','0009_alter_user_last_name_max_length','2026-06-22 16:34:44.962273');
INSERT INTO "django_migrations" VALUES(15,'auth','0010_alter_group_name_max_length','2026-06-22 16:34:44.969666');
INSERT INTO "django_migrations" VALUES(16,'auth','0011_update_proxy_permissions','2026-06-22 16:34:44.975216');
INSERT INTO "django_migrations" VALUES(17,'auth','0012_alter_user_first_name_max_length','2026-06-22 16:34:44.982817');
INSERT INTO "django_migrations" VALUES(18,'gestionale','0001_initial','2026-06-22 16:34:45.025748');
INSERT INTO "django_migrations" VALUES(19,'sessions','0001_initial','2026-06-22 16:34:45.033732');
CREATE TABLE "django_session" ("session_key" varchar(40) NOT NULL PRIMARY KEY, "session_data" text NOT NULL, "expire_date" datetime NOT NULL);
INSERT INTO "django_session" VALUES('tlwq3t6afxnj8z9syw4yhqyc3dcpwgu4','.eJxVjE0OgyAYBe_CuiFAULDL7nsG8v1ZbBtIRFemd68mLtrtm5m3qQTrktPaZE4Tq6ty6vK7IdBLygH4CeVRNdWyzBPqQ9EnbfpeWd630_07yNDyXuMY0QxAfk9CAOnZ2cCM6DvD0COaEBk8jYEtDWgMY0RH1kXrO2GrPl8jezky:1wbiGT:NDuIzfY3xqkrWFf5zvTROB8bWLKcLsPQfD7R8RslVqM','2026-07-06 17:16:53.908637');
CREATE TABLE "gestionale_cliente" ("id" integer NOT NULL PRIMARY KEY AUTOINCREMENT, "nome" varchar(100) NOT NULL, "cognome" varchar(100) NOT NULL, "telefono" varchar(30) NOT NULL, "email" varchar(254) NOT NULL, "tipo_cliente" varchar(20) NOT NULL, "codice_fiscale" varchar(16) NULL, "indirizzo_abitazione" varchar(255) NULL, "partita_iva" varchar(20) NULL, "sede_legale" varchar(255) NULL, "user_id" integer NOT NULL UNIQUE REFERENCES "auth_user" ("id") DEFERRABLE INITIALLY DEFERRED);
INSERT INTO "gestionale_cliente" VALUES(1,'Mario','Rossi','3330000002','cliente@example.com','Privato','RSSMRA80A01H501U','Via Roma 10, Milano',NULL,NULL,3);
INSERT INTO "gestionale_cliente" VALUES(2,'Laura','Bianchi','3330000003','azienda@example.com','Azienda',NULL,NULL,'12345678901','Corso Italia 25, Torino',4);
CREATE TABLE "gestionale_esegue" ("id" integer NOT NULL PRIMARY KEY AUTOINCREMENT, "servizio_id" bigint NOT NULL REFERENCES "gestionale_serviziopulizia" ("id") DEFERRABLE INITIALLY DEFERRED, "staff_id" bigint NOT NULL REFERENCES "gestionale_staff" ("id") DEFERRABLE INITIALLY DEFERRED);
INSERT INTO "gestionale_esegue" VALUES(1,1,3);
INSERT INTO "gestionale_esegue" VALUES(2,3,4);
INSERT INTO "gestionale_esegue" VALUES(3,2,2);
CREATE TABLE "gestionale_prenotazione" ("id" integer NOT NULL PRIMARY KEY AUTOINCREMENT, "quantita" integer unsigned NOT NULL CHECK ("quantita" >= 0), "data_richiesta" datetime NOT NULL, "data_servizio" datetime NOT NULL, "stato" varchar(20) NOT NULL, "indirizzo_intervento" varchar(255) NOT NULL, "importo" decimal NULL, "metodo_pagamento" varchar(100) NULL, "data_pagamento" datetime NULL, "cliente_id" bigint NOT NULL REFERENCES "gestionale_cliente" ("id") DEFERRABLE INITIALLY DEFERRED, "servizio_id" bigint NOT NULL REFERENCES "gestionale_serviziopulizia" ("id") DEFERRABLE INITIALLY DEFERRED);
INSERT INTO "gestionale_prenotazione" VALUES(1,1,'2026-06-22 17:09:25.676230','2026-06-25 17:09:25.676230','Confermata','Via Roma 10, Milano',NULL,NULL,NULL,1,1);
INSERT INTO "gestionale_prenotazione" VALUES(2,1,'2026-06-22 17:09:25.676230','2026-06-29 17:09:25.676230','In attesa','Corso Italia 25, Torino',NULL,NULL,NULL,1,2);
INSERT INTO "gestionale_prenotazione" VALUES(3,1,'2026-06-22 17:11:12.831235','2026-06-24 17:11:00','In attesa','via varese 2',NULL,NULL,NULL,1,1);
INSERT INTO "gestionale_prenotazione" VALUES(4,1,'2026-06-22 17:14:27.398502','2026-06-11 17:14:00','Annullata','via varese 2',NULL,NULL,NULL,1,1);
CREATE TABLE "gestionale_profiloutente" ("id" integer NOT NULL PRIMARY KEY AUTOINCREMENT, "telefono" varchar(30) NOT NULL, "ruolo" varchar(20) NOT NULL, "user_id" integer NOT NULL UNIQUE REFERENCES "auth_user" ("id") DEFERRABLE INITIALLY DEFERRED);
INSERT INTO "gestionale_profiloutente" VALUES(1,'3330000001','Admin',2);
INSERT INTO "gestionale_profiloutente" VALUES(2,'3330000002','Cliente',3);
INSERT INTO "gestionale_profiloutente" VALUES(3,'3330000003','Cliente',4);
INSERT INTO "gestionale_profiloutente" VALUES(4,'3330000004','Staff',5);
INSERT INTO "gestionale_profiloutente" VALUES(5,'3330000005','Staff',6);
INSERT INTO "gestionale_profiloutente" VALUES(6,'3330000006','Staff',7);
INSERT INTO "gestionale_profiloutente" VALUES(7,'3330000007','Staff',8);
CREATE TABLE "gestionale_serviziopulizia" ("id" integer NOT NULL PRIMARY KEY AUTOINCREMENT, "nome" varchar(120) NOT NULL, "descrizione" text NOT NULL, "prezzo_base" decimal NOT NULL, "durata_stimata" bigint NOT NULL, "tipo_servizio" varchar(30) NOT NULL, "frequenza" varchar(100) NULL, "livello_sporco" varchar(100) NULL, "prodotto_utilizzato" varchar(150) NULL, "certificazione_richiesta" bool NOT NULL, "recensione" varchar(255) NULL);
INSERT INTO "gestionale_serviziopulizia" VALUES(1,'Pulizia ordinaria appartamento','Pulizia completa di ambienti domestici, superfici e pavimenti.',65,7200000000,'Ordinaria','Settimanale',NULL,NULL,0,NULL);
INSERT INTO "gestionale_serviziopulizia" VALUES(2,'Pulizia straordinaria ufficio','Intervento approfondito per uffici, sale riunioni e aree comuni.',180,18000000000,'Straordinaria',NULL,'Alto',NULL,0,NULL);
INSERT INTO "gestionale_serviziopulizia" VALUES(3,'Sanificazione ambienti','Sanificazione con prodotti professionali e rilascio documentazione.',240,14400000000,'Sanificazione',NULL,NULL,'Disinfettante professionale',1,NULL);
CREATE TABLE "gestionale_staff" ("id" integer NOT NULL PRIMARY KEY AUTOINCREMENT, "nome" varchar(100) NOT NULL, "cognome" varchar(100) NOT NULL, "ruolo_operativo" varchar(20) NOT NULL, "specializzazione" varchar(150) NULL, "quota_societaria" decimal NULL, "area_competenza" varchar(100) NULL, "numero_squadra" varchar(50) NULL, "disponibilita" bool NOT NULL, "user_id" integer NOT NULL UNIQUE REFERENCES "auth_user" ("id") DEFERRABLE INITIALLY DEFERRED);
INSERT INTO "gestionale_staff" VALUES(1,'Roberto','Marini','Titolare',NULL,50,NULL,NULL,1,5);
INSERT INTO "gestionale_staff" VALUES(2,'Elena','Fontana','Capo area',NULL,NULL,'Nord Milano',NULL,1,6);
INSERT INTO "gestionale_staff" VALUES(3,'Giulia','Verdi','Capo squadra',NULL,NULL,NULL,'SQ-01',1,7);
INSERT INTO "gestionale_staff" VALUES(4,'Paolo','Neri','Operaio','Sanificazione',NULL,NULL,NULL,1,8);
CREATE UNIQUE INDEX "auth_group_permissions_group_id_permission_id_0cd325b0_uniq" ON "auth_group_permissions" ("group_id", "permission_id");
CREATE INDEX "auth_group_permissions_group_id_b120cbf9" ON "auth_group_permissions" ("group_id");
CREATE INDEX "auth_group_permissions_permission_id_84c5c92e" ON "auth_group_permissions" ("permission_id");
CREATE UNIQUE INDEX "auth_user_groups_user_id_group_id_94350c0c_uniq" ON "auth_user_groups" ("user_id", "group_id");
CREATE INDEX "auth_user_groups_user_id_6a12ed8b" ON "auth_user_groups" ("user_id");
CREATE INDEX "auth_user_groups_group_id_97559544" ON "auth_user_groups" ("group_id");
CREATE UNIQUE INDEX "auth_user_user_permissions_user_id_permission_id_14a6b632_uniq" ON "auth_user_user_permissions" ("user_id", "permission_id");
CREATE INDEX "auth_user_user_permissions_user_id_a95ead1b" ON "auth_user_user_permissions" ("user_id");
CREATE INDEX "auth_user_user_permissions_permission_id_1fbb5f2c" ON "auth_user_user_permissions" ("permission_id");
CREATE INDEX "django_admin_log_content_type_id_c4bce8eb" ON "django_admin_log" ("content_type_id");
CREATE INDEX "django_admin_log_user_id_c564eba6" ON "django_admin_log" ("user_id");
CREATE UNIQUE INDEX "django_content_type_app_label_model_76bd3d3b_uniq" ON "django_content_type" ("app_label", "model");
CREATE UNIQUE INDEX "auth_permission_content_type_id_codename_01ab375a_uniq" ON "auth_permission" ("content_type_id", "codename");
CREATE INDEX "auth_permission_content_type_id_2f476e4b" ON "auth_permission" ("content_type_id");
CREATE INDEX "gestionale_prenotazione_cliente_id_bf5b7161" ON "gestionale_prenotazione" ("cliente_id");
CREATE INDEX "gestionale_prenotazione_servizio_id_673cc09e" ON "gestionale_prenotazione" ("servizio_id");
CREATE UNIQUE INDEX "gestionale_esegue_staff_id_servizio_id_c10a6123_uniq" ON "gestionale_esegue" ("staff_id", "servizio_id");
CREATE INDEX "gestionale_esegue_servizio_id_6425480e" ON "gestionale_esegue" ("servizio_id");
CREATE INDEX "gestionale_esegue_staff_id_6f65fb70" ON "gestionale_esegue" ("staff_id");
CREATE INDEX "django_session_expire_date_a5c62663" ON "django_session" ("expire_date");
DELETE FROM "sqlite_sequence";
INSERT INTO "sqlite_sequence" VALUES('django_migrations',19);
INSERT INTO "sqlite_sequence" VALUES('django_admin_log',0);
INSERT INTO "sqlite_sequence" VALUES('django_content_type',12);
INSERT INTO "sqlite_sequence" VALUES('auth_permission',48);
INSERT INTO "sqlite_sequence" VALUES('auth_group',0);
INSERT INTO "sqlite_sequence" VALUES('auth_user',8);
INSERT INTO "sqlite_sequence" VALUES('gestionale_profiloutente',7);
INSERT INTO "sqlite_sequence" VALUES('gestionale_cliente',2);
INSERT INTO "sqlite_sequence" VALUES('gestionale_staff',4);
INSERT INTO "sqlite_sequence" VALUES('gestionale_serviziopulizia',3);
INSERT INTO "sqlite_sequence" VALUES('gestionale_prenotazione',4);
INSERT INTO "sqlite_sequence" VALUES('gestionale_esegue',3);
COMMIT;
